Comment,Designator,Footprint,LCSC,Quantity
Conn_02x01,J5,TerminalBlock_bornier-2_P5.08mm,,1
LED,D14,LED_Everlight-SMD3528_3.5x2.8mm_67-21ST,,1
~,KR2,Korry Switch,,1
220R,R2,R_1206_3216Metric_Pad1.30x1.75mm_HandSolder,,1
LED,D45,LED_Everlight-SMD3528_3.5x2.8mm_67-21ST,,1
LED,D10,LED_Everlight-SMD3528_3.5x2.8mm_67-21ST,,1
~,KR5,Korry Switch,,1
220R,R8,R_1206_3216Metric_Pad1.30x1.75mm_HandSolder,,1
LED,D12,LED_Everlight-SMD3528_3.5x2.8mm_67-21ST,,1
LED,D35,LED_Everlight-SMD3528_3.5x2.8mm_67-21ST,,1
Conn_02x02_Counter_Clockwise,J4,PinHeader_1x04_P2.54mm_Vertical,,1
LED,D40,LED_Everlight-SMD3528_3.5x2.8mm_67-21ST,,1
LED,D37,LED_Everlight-SMD3528_3.5x2.8mm_67-21ST,,1
LED,D28,LED_Everlight-SMD3528_3.5x2.8mm_67-21ST,,1
LED,D9,LED_Everlight-SMD3528_3.5x2.8mm_67-21ST,,1
LED,D24,LED_Everlight-SMD3528_3.5x2.8mm_67-21ST,,1
LED,D2,LED_Everlight-SMD3528_3.5x2.8mm_67-21ST,,1
220R,R11,R_1206_3216Metric_Pad1.30x1.75mm_HandSolder,,1
LED,D1,LED_Everlight-SMD3528_3.5x2.8mm_67-21ST,,1
~,KR3,Korry Switch,,1
LED,D25,LED_Everlight-SMD3528_3.5x2.8mm_67-21ST,,1
LED,D11,LED_Everlight-SMD3528_3.5x2.8mm_67-21ST,,1
LED,D23,LED_Everlight-SMD3528_3.5x2.8mm_67-21ST,,1
LED,D4,LED_Everlight-SMD3528_3.5x2.8mm_67-21ST,,1
LED,D27,LED_Everlight-SMD3528_3.5x2.8mm_67-21ST,,1
220R,R15,R_1206_3216Metric_Pad1.30x1.75mm_HandSolder,,1
LED,D18,LED_Everlight-SMD3528_3.5x2.8mm_67-21ST,,1
LED,D17,LED_Everlight-SMD3528_3.5x2.8mm_67-21ST,,1
LED,D29,LED_Everlight-SMD3528_3.5x2.8mm_67-21ST,,1
LED,D5,LED_Everlight-SMD3528_3.5x2.8mm_67-21ST,,1
LED,D6,LED_Everlight-SMD3528_3.5x2.8mm_67-21ST,,1
LED,D32,LED_Everlight-SMD3528_3.5x2.8mm_67-21ST,,1
LED,D7,LED_Everlight-SMD3528_3.5x2.8mm_67-21ST,,1
220R,R4,R_1206_3216Metric_Pad1.30x1.75mm_HandSolder,,1
LED,D42,LED_Everlight-SMD3528_3.5x2.8mm_67-21ST,,1
LED,D20,LED_Everlight-SMD3528_3.5x2.8mm_67-21ST,,1
LED,D8,LED_Everlight-SMD3528_3.5x2.8mm_67-21ST,,1
LED,D34,LED_Everlight-SMD3528_3.5x2.8mm_67-21ST,,1
Conn_02x01,J3,PinHeader_1x02_P2.54mm_Vertical,,1
220R,R6,R_1206_3216Metric_Pad1.30x1.75mm_HandSolder,,1
LED,D30,LED_Everlight-SMD3528_3.5x2.8mm_67-21ST,,1
LED,D21,LED_Everlight-SMD3528_3.5x2.8mm_67-21ST,,1
220R,R14,R_1206_3216Metric_Pad1.30x1.75mm_HandSolder,,1
220R,R12,R_1206_3216Metric_Pad1.30x1.75mm_HandSolder,,1
LED,D22,LED_Everlight-SMD3528_3.5x2.8mm_67-21ST,,1
LED,D3,LED_Everlight-SMD3528_3.5x2.8mm_67-21ST,,1
220R,R7,R_1206_3216Metric_Pad1.30x1.75mm_HandSolder,,1
LED,D16,LED_Everlight-SMD3528_3.5x2.8mm_67-21ST,,1
LED,D41,LED_Everlight-SMD3528_3.5x2.8mm_67-21ST,,1
LED,D33,LED_Everlight-SMD3528_3.5x2.8mm_67-21ST,,1
220R,R1,R_1206_3216Metric_Pad1.30x1.75mm_HandSolder,,1
LED,D43,LED_Everlight-SMD3528_3.5x2.8mm_67-21ST,,1
LED,D38,LED_Everlight-SMD3528_3.5x2.8mm_67-21ST,,1
LED,D15,LED_Everlight-SMD3528_3.5x2.8mm_67-21ST,,1
220R,R5,R_1206_3216Metric_Pad1.30x1.75mm_HandSolder,,1
220R,R13,R_1206_3216Metric_Pad1.30x1.75mm_HandSolder,,1
LED,D19,LED_Everlight-SMD3528_3.5x2.8mm_67-21ST,,1
220R,R10,R_1206_3216Metric_Pad1.30x1.75mm_HandSolder,,1
LED,D31,LED_Everlight-SMD3528_3.5x2.8mm_67-21ST,,1
LED,D39,LED_Everlight-SMD3528_3.5x2.8mm_67-21ST,,1
~,KR1,Korry Switch,,1
220R,R3,R_1206_3216Metric_Pad1.30x1.75mm_HandSolder,,1
LED,D26,LED_Everlight-SMD3528_3.5x2.8mm_67-21ST,,1
220R,R9,R_1206_3216Metric_Pad1.30x1.75mm_HandSolder,,1
LED,D44,LED_Everlight-SMD3528_3.5x2.8mm_67-21ST,,1
LED,D13,LED_Everlight-SMD3528_3.5x2.8mm_67-21ST,,1
LED,D36,LED_Everlight-SMD3528_3.5x2.8mm_67-21ST,,1
~,KR4,Korry Switch,,1
Conn_02x01,J1,TerminalBlock_bornier-2_P5.08mm,,1
Conn_02x20_Counter_Clockwise,J2,PinHeader_2x20_P2.54mm_Vertical,,1
